<?xml version="1.0" encoding="UTF-8"?>

<target name="createWar"
	depends="website, gp-library"
	description="Create a war file to use for platforms without an installer">
	<delete dir="wartemp" />
	<mkdir dir="wartemp" />
	<delete dir="ziptemp" />
	<mkdir dir="ziptemp" />
	<mkdir dir="ziptemp/gpinstall" />
	<copy todir="ziptemp/gpinstall/resources">
		<fileset dir="resources" />
	</copy>
	<mkdir dir="ziptemp/gpinstall/taskLib" />
	<mkdir dir="ziptemp/gpinstall/temp" />
	<mkdir dir="ziptemp/gpinstall/logs" />
	<mkdir dir="ziptemp/gpinstall/iotemp" />
	<copy todir="wartemp">
		<fileset dir="website">
			<exclude name="doc/**" />
		</fileset>
	</copy>
	<copy todir="wartemp" file="installer/GenePatternLogo.jpg" />
	<copy todir="wartemp/WEB-INF/classes">
		<fileset dir="build">
			<include name="Run*.class" />
		</fileset>
	</copy>
	<copy todir="wartemp/WEB-INF/classes">
		<fileset dir="src">
			<include name="*.xml" />
			<include name="*.properties" />
		</fileset>
	</copy>
	<copy todir="wartemp/WEB-INF/lib">
		<fileset dir="build/jars">
			<include name="**.jar" />
		</fileset>
		<fileset dir="build/website/lib">
			<include name="**.jar" />
		</fileset>
		<fileset dir="lib">
			<include name="activation.jar" />
			<include name="xerces.jar" />
			<include name="saaj.jar" />
			<include name="jaxrpc.jar" />
		</fileset>
	</copy>
	<copy todir="wartemp/downloads">
		<fileset dir="build">
			<include name="GenePattern.zip" />
			<include name="GenePatternMatlab.zip" />
			<include name="GenePattern.jar" />
			<include name="runVisualizer.jar" />
		</fileset>
	</copy>
	<war destfile="gp.war" basedir="wartemp"
		webxml="wartemp/WEB-INF/web.xml">
	</war>
	<copy todir="ziptemp" file="installer/customizeWar.xml" />
	<copy todir="ziptemp" file="installer/runtimeBuild.xml" />
	<copy todir="ziptemp" file="installer/runtimeBuild.properties" />
	<move todir="ziptemp" file="gp.war" />
	<zip destfile="gp_war.zip" basedir="ziptemp" />
</target>

<target name="copyWar">
    <mkdir dir="installer/GP_server_Build_Output/Web_Installers/InstData/warfile" />
    <copy file="gp_war.zip" todir="installer/GP_server_Build_Output/Web_Installers/InstData/warfile" />
</target>
