<?xml version="1.0" encoding="UTF-8"?>
<!DOCTYPE hibernate-configuration PUBLIC "-//Hibernate/Hibernate Configuration DTD 3.0//EN" "http://hibernate.sourceforge.net/hibernate-configuration-3.0.dtd">

<hibernate-configuration> 
  <session-factory> 
  
    <!--  Connection pool properties -->
    <property name="c3p0.minPoolSize">5</property>
    <property name="c3p0.timeout">1000</property>
    <property name="connection.provider_class">org.hibernate.connection.C3P0ConnectionProvider</property>

    <!-- HSQL setup (the default).  These values can be overriden in genepattern.properties  -->
    <property name="hibernate.connection.driver_class">org.hsqldb.jdbcDriver</property>
    <property name="hibernate.connection.shutdown">true</property>
    <property name="hibernate.connection.url">jdbc:hsqldb:hsql://localhost/xdb</property>
    <property name="hibernate.connection.username">sa</property>
    <property name="hibernate.current_session_context_class">thread</property>
    <property name="hibernate.dialect">org.hibernate.dialect.HSQLDialect</property>

    <!--  Misc settings -->
    <property name="hibernate.jdbc.batch_size">20</property>
    <property name="hibernate.statement_cache.size">0</property>
    <property name="hibernate.transaction.factory_class">org.hibernate.transaction.JDBCTransactionFactory</property>

    <!-- Mappings -->
    <mapping resource="org/genepattern/server/domain/AnalysisJob.hbm.xml"/>
    <mapping resource="org/genepattern/server/domain/JobStatus.hbm.xml"/>
    <mapping resource="org/genepattern/server/domain/Lsid.hbm.xml"/>
    <mapping resource="org/genepattern/server/domain/Props.hbm.xml"/>
    <mapping resource="org/genepattern/server/domain/Sequence.hbm.xml"/>
    <mapping resource="org/genepattern/server/domain/Suite.hbm.xml"/>
    <mapping resource="org/genepattern/server/domain/TaskAccess.hbm.xml"/>
    <mapping resource="org/genepattern/server/domain/TaskMaster.hbm.xml"/>
    <mapping resource="org/genepattern/server/message/SystemMessage.hbm.xml"/>
    <mapping resource="org/genepattern/server/user/JobCompletionEvent.hbm.xml"/>
    <mapping resource="org/genepattern/server/user/User.hbm.xml"/>
    <mapping resource="org/genepattern/server/user/UserProp.hbm.xml"/>
    <mapping resource="org/genepattern/server/auth/JobGroup.hbm.xml"/>
  </session-factory>
</hibernate-configuration>
