<?xml version="1.0" encoding="UTF-8"?>
<!DOCTYPE hibernate-mapping PUBLIC "-//Hibernate/Hibernate Mapping DTD 3.0//EN"
                                   "http://hibernate.sourceforge.net/hibernate-mapping-3.0.dtd">
<hibernate-mapping package="org.genepattern.server.user">
 <class name="User" optimistic-lock="none" table="GP_USER">
  <id name="userId" type="string">
   <column name="USER_ID" not-null="true" unique="true"/>
   <generator class="assigned"/>
  </id>
  <property column="gp_password" generated="never" lazy="false"
   length="255" name="password" type="binary"/>
  <property column="email" generated="never" lazy="false" name="email" type="string"/>
  <property column="last_login_date" generated="never" lazy="false"
   name="lastLoginDate" type="timestamp"/>
  <property column="registration_date" generated="never" lazy="false"
   name="registrationDate" type="timestamp"/>
  <property column="last_login_ip" generated="never" lazy="false"
   name="lastLoginIP" type="string"/>
  <property column="total_login_count" generated="never" lazy="false"
   name="totalLoginCount" type="integer"/>
  <set cascade="all-delete-orphan" name="props">
    <key column="gp_user_id"/>
    <one-to-many class="org.genepattern.server.user.UserProp" />
  </set>
 </class>
</hibernate-mapping>
